{
  "description": "Test cases for Sliding Window Causal Self-Attention",
  "total_tests": 9,
  "test_cases": [
    {
      "test_id": 1,
      "parameters": {
        "batch_size": 1,
        "sequence_length": 4,
        "embedding_dim": 32,
        "num_heads": 2,
        "window_size": 2,
        "seed": 42
      },
      "expected_output": {
        "shape": [
          1,
          4,
          32
        ],
        "mean": -0.03312212973833084,
        "std": 0.5047467350959778,
        "sum": -4.239632606506348,
        "min": -1.673835277557373,
        "max": 1.5281283855438232,
        "first_10_values": [
          0.7629693150520325,
          -0.24118372797966003,
          -0.4150242507457733,
          0.38329559564590454,
          0.5740416049957275,
          -1.673835277557373,
          0.7954299449920654,
          0.6872349381446838,
          -0.3847656548023224,
          0.5073348879814148
        ],
        "last_10_values": [
          0.4232810139656067,
          -0.8315781354904175,
          0.2837858498096466,
          -0.4391842484474182,
          -0.7970427870750427,
          -0.4740850627422333,
          -0.557631254196167,
          0.2948880195617676,
          -0.563971996307373,
          -0.3924534320831299
        ],
        "sample_position_0_0": [
          0.7629693150520325,
          -0.24118372797966003,
          -0.4150242507457733,
          0.38329559564590454,
          0.5740416049957275
        ]
      }
    },
    {
      "test_id": 2,
      "parameters": {
        "batch_size": 2,
        "sequence_length": 8,
        "embedding_dim": 64,
        "num_heads": 4,
        "window_size": 3,
        "seed": 42
      },
      "expected_output": {
        "shape": [
          2,
          8,
          64
        ],
        "mean": 0.009818462654948235,
        "std": 0.40368330478668213,
        "sum": 10.054105758666992,
        "min": -1.302876591682434,
        "max": 1.344377875328064,
        "first_10_values": [
          0.12311945855617523,
          0.5699236989021301,
          0.1759672313928604,
          -0.8202890753746033,
          -0.18276552855968475,
          0.019619977101683617,
          -0.887433648109436,
          0.4564233422279358,
          -0.8944658637046814,
          0.46296072006225586
        ],
        "last_10_values": [
          0.28802722692489624,
          0.02139212191104889,
          0.23264697194099426,
          -0.30094295740127563,
          0.6656476259231567,
          0.24411842226982117,
          0.2675691843032837,
          -0.06391190737485886,
          -0.6175345778465271,
          -0.3383036255836487
        ],
        "sample_position_0_0": [
          0.12311945855617523,
          0.5699236989021301,
          0.1759672313928604,
          -0.8202890753746033,
          -0.18276552855968475
        ]
      }
    },
    {
      "test_id": 3,
      "parameters": {
        "batch_size": 1,
        "sequence_length": 10,
        "embedding_dim": 128,
        "num_heads": 8,
        "window_size": 5,
        "seed": 42
      },
      "expected_output": {
        "shape": [
          1,
          10,
          128
        ],
        "mean": -0.007485244423151016,
        "std": 0.33652952313423157,
        "sum": -9.5811128616333,
        "min": -1.177982211112976,
        "max": 1.2183582782745361,
        "first_10_values": [
          0.07590050995349884,
          -0.9774265289306641,
          -0.16805046796798706,
          0.015156829729676247,
          0.1509716808795929,
          0.06289003044366837,
          -0.39325642585754395,
          0.3360142111778259,
          0.5691515207290649,
          -0.2726242244243622
        ],
        "last_10_values": [
          -0.016522761434316635,
          0.5100206136703491,
          -0.1452595442533493,
          -0.15052936971187592,
          -0.11932475119829178,
          0.14526289701461792,
          0.18322892487049103,
          -0.12501703202724457,
          -0.22547350823879242,
          -0.2780488133430481
        ],
        "sample_position_0_0": [
          0.07590050995349884,
          -0.9774265289306641,
          -0.16805046796798706,
          0.015156829729676247,
          0.1509716808795929
        ]
      }
    },
    {
      "test_id": 4,
      "parameters": {
        "batch_size": 2,
        "sequence_length": 16,
        "embedding_dim": 64,
        "num_heads": 4,
        "window_size": 4,
        "seed": 42
      },
      "expected_output": {
        "shape": [
          2,
          16,
          64
        ],
        "mean": 0.020994652062654495,
        "std": 0.3319239318370819,
        "sum": 42.997047424316406,
        "min": -1.2763537168502808,
        "max": 2.0194344520568848,
        "first_10_values": [
          0.12311945855617523,
          0.5699236989021301,
          0.1759672313928604,
          -0.8202890753746033,
          -0.18276552855968475,
          0.019619977101683617,
          -0.887433648109436,
          0.4564233422279358,
          -0.8944658637046814,
          0.46296072006225586
        ],
        "last_10_values": [
          -0.23643532395362854,
          -0.6421615481376648,
          0.7185187935829163,
          -0.18510377407073975,
          0.14580856263637543,
          0.06123489513993263,
          -0.01991848275065422,
          -0.02438545972108841,
          0.18584632873535156,
          -0.08505643159151077
        ],
        "sample_position_0_0": [
          0.12311945855617523,
          0.5699236989021301,
          0.1759672313928604,
          -0.8202890753746033,
          -0.18276552855968475
        ]
      }
    },
    {
      "test_id": 5,
      "parameters": {
        "batch_size": 1,
        "sequence_length": 8,
        "embedding_dim": 64,
        "num_heads": 4,
        "window_size": 8,
        "seed": 42
      },
      "expected_output": {
        "shape": [
          1,
          8,
          64
        ],
        "mean": 0.018166176974773407,
        "std": 0.3443344533443451,
        "sum": 9.301082611083984,
        "min": -1.1494228839874268,
        "max": 1.2976658344268799,
        "first_10_values": [
          0.12311945855617523,
          0.5699236989021301,
          0.1759672313928604,
          -0.8202890753746033,
          -0.18276552855968475,
          0.019619977101683617,
          -0.887433648109436,
          0.4564233422279358,
          -0.8944658637046814,
          0.46296072006225586
        ],
        "last_10_values": [
          -0.3122435212135315,
          0.2726798951625824,
          -0.5102386474609375,
          0.0015904342290014029,
          0.04074837267398834,
          0.11299841850996017,
          0.2944456934928894,
          0.20777709782123566,
          -0.1603856235742569,
          0.15637294948101044
        ],
        "sample_position_0_0": [
          0.12311945855617523,
          0.5699236989021301,
          0.1759672313928604,
          -0.8202890753746033,
          -0.18276552855968475
        ]
      }
    },
    {
      "test_id": 6,
      "parameters": {
        "batch_size": 2,
        "sequence_length": 8,
        "embedding_dim": 64,
        "num_heads": 4,
        "window_size": 3,
        "seed": 99
      },
      "expected_output": {
        "shape": [
          2,
          8,
          64
        ],
        "mean": 0.02601945959031582,
        "std": 0.39575350284576416,
        "sum": 26.6439266204834,
        "min": -1.3935312032699585,
        "max": 1.6142866611480713,
        "first_10_values": [
          0.2655237913131714,
          0.6172696948051453,
          0.013936824165284634,
          -0.2207556962966919,
          0.7443405389785767,
          -1.214742660522461,
          -0.7454223036766052,
          0.46186602115631104,
          0.7994450926780701,
          1.3862382173538208
        ],